{
  "project_info": {
    "project_number": "63468705167",
    "firebase_url": "https://testfirebase-39a62-default-rtdb.firebaseio.com",
    "project_id": "testfirebase-39a62",
    "storage_bucket": "testfirebase-39a62.appspot.com"
  },
  "client": [
    {
      "client_info": {
        "mobilesdk_app_id": "1:63468705167:android:2e93175f6d253b6a6467fa",
        "android_client_info": {
          "package_name": "com.example.ketnoifirebase"
        }
      },
      "oauth_client": [
        {
          "client_id": "63468705167-n0vsegbh203dss8gjnlr6tjgul790atj.apps.googleusercontent.com",
          "client_type": 3
        }
      ],
      "api_key": [
        {
          "current_key": "AIzaSyA3gVglKiQ9qc9th9O0MfX_W644YD8oXwY"
        }
      ],
      "services": {
        "appinvite_service": {
          "other_platform_oauth_client": [
            {
              "client_id": "63468705167-n0vsegbh203dss8gjnlr6tjgul790atj.apps.googleusercontent.com",
              "client_type": 3
            }
          ]
        }
      }
    },
    {
      "client_info": {
        "mobilesdk_app_id": "1:63468705167:android:92be26897f5d88576467fa",
        "android_client_info": {
          "package_name": "com.example.ketnoifirebaseflutter"
        }
      },
      "oauth_client": [
        {
          "client_id": "63468705167-n0vsegbh203dss8gjnlr6tjgul790atj.apps.googleusercontent.com",
          "client_type": 3
        }
      ],
      "api_key": [
        {
          "current_key": "AIzaSyA3gVglKiQ9qc9th9O0MfX_W644YD8oXwY"
        }
      ],
      "services": {
        "appinvite_service": {
          "other_platform_oauth_client": [
            {
              "client_id": "63468705167-n0vsegbh203dss8gjnlr6tjgul790atj.apps.googleusercontent.com",
              "client_type": 3
            }
          ]
        }
      }
    }
  ],
  "configuration_version": "1"
}